;NOMBRE;NOMBRE-VIA;TIPO DE LUGAR;DISTRITO;DISTANCIA_SEDES;name;address;DISTANCIA_BICIS;DISTANCIA TOTAL
262;Campo de Golf del Centro Nacional de Golf;ARROYO DEL MONTE;SEDES. Centros con espacios deportivos;FUENCARRAL-EL PARDO;POINT (4506826.154319164 -416104.2065551275);Facultad Derecho;Avenida Complutense nº 23;POINT (4502994.74083288 -415445.024322674);3887.7050451986247
261;Campo de Golf del Centro Nacional de Golf;ARROYO DEL MONTE;SEDES. Centros con espacios deportivos;FUENCARRAL-EL PARDO;POINT (4506826.154319164 -416104.2065551275);Facultad Biología;Calle José Antonio Novais frente al nº 12;POINT (4502687.743941171 -415213.4906984274);4233.1802694970465
241;Campo de Golf del Centro Nacional de Golf;ARROYO DEL MONTE;SEDES. Centros con espacios deportivos;FUENCARRAL-EL PARDO;POINT (4506826.154319164 -416104.2065551275);Francos Rodríguez;Calle Francos Rodríguez nº 62;POINT (4503623.037832471 -413061.4121393409);4417.980656824014
239;Campo de Golf del Centro Nacional de Golf;ARROYO DEL MONTE;SEDES. Centros con espacios deportivos;FUENCARRAL-EL PARDO;POINT (4506826.154319164 -416104.2065551275);Pablo Iglesias;Calle Francisco Balseiro nº 1;POINT (4503021.791469144 -413342.7792699079);4700.920904054028
259;Campo de Golf del Centro Nacional de Golf;ARROYO DEL MONTE;SEDES. Centros con espacios deportivos;FUENCARRAL-EL PARDO;POINT (4506826.154319164 -416104.2065551275);Ciudad Universitaria 1;Avenida de la Complutense (Metro Ciudad Universitaria);POINT (4502177.655770458 -415179.5220676512);4739.575947139319
260;Campo de Golf del Centro Nacional de Golf;ARROYO DEL MONTE;SEDES. Centros con espacios deportivos;FUENCARRAL-EL PARDO;POINT (4506826.154319164 -416104.2065551275);Ciudad Universitaria 2;Avenida de la Complutense (Metro Ciudad Universitaria);POINT (4502140.920338497 -415172.8287427756);4776.91135389232
208;Campo de Golf del Centro Nacional de Golf;ARROYO DEL MONTE;SEDES. Centros con espacios deportivos;FUENCARRAL-EL PARDO;POINT (4506826.154319164 -416104.2065551275);Metro Tetuán;Calle Marqués de Viana nº 3;POINT (4504070.109377841 -412056.2988241261);4897.074710201202
209;Campo de Golf del Centro Nacional de Golf;ARROYO DEL MONTE;SEDES. Centros con espacios deportivos;FUENCARRAL-EL PARDO;POINT (4506826.154319164 -416104.2065551275);Remonta;Calle Azucenas nº 1;POINT (4504323.639518123 -411871.2121165185);4917.399947810281
133;Campo de Golf del Centro Nacional de Golf;ARROYO DEL MONTE;SEDES. Centros con espacios deportivos;FUENCARRAL-EL PARDO;POINT (4506826.154319164 -416104.2065551275);San Germán 57;Calle San Germán nº 57;POINT (4503684.075647669 -412276.6140344901);4952.082681246921
257;Campo de Golf del Centro Nacional de Golf;ARROYO DEL MONTE;SEDES. Centros con espacios deportivos;FUENCARRAL-EL PARDO;POINT (4506826.154319164 -416104.2065551275);Reina Victoria;Calle Beatriz de Bobadilla frente al nº 2;POINT (4502467.086446521 -413711.463731199);4972.593985011616
207;Campo de Golf del Centro Nacional de Golf;ARROYO DEL MONTE;SEDES. Centros con espacios deportivos;FUENCARRAL-EL PARDO;POINT (4506826.154319164 -416104.2065551275);Estrecho;Calle Navarra nº 1;POINT (4503263.020805692 -412534.3221003976);5043.807634609935
258;Campo de Golf del Centro Nacional de Golf;ARROYO DEL MONTE;SEDES. Centros con espacios deportivos;FUENCARRAL-EL PARDO;POINT (4506826.154319164 -416104.2065551275);INEF;Avenida Juan de Herrera frente a la calle Paul Guinard;POINT (4501644.435409558 -415511.9577777153);5215.454867268821
219;Campo de Golf del Centro Nacional de Golf;ARROYO DEL MONTE;SEDES. Centros con espacios deportivos;FUENCARRAL-EL PARDO;POINT (4506826.154319164 -416104.2065551275);Pedro Rico;Calle Pedro Rico nº 4;POINT (4506333.880278716 -410881.7202647889);5245.63597513912
205;Campo de Golf del Centro Nacional de Golf;ARROYO DEL MONTE;SEDES. Centros con espacios deportivos;FUENCARRAL-EL PARDO;POINT (4506826.154319164 -416104.2065551275);San Francisco de Sales;Calle General Ampudia nº 2;POINT (4501955.016788872 -413783.1035769786);5395.878044785152
249;Campo de Golf del Centro Nacional de Golf;ARROYO DEL MONTE;SEDES. Centros con espacios deportivos;FUENCARRAL-EL PARDO;POINT (4506826.154319164 -416104.2065551275);Torre Cepsa;Calle Sinesio Delgado nº 2;POINT (4505584.032188732 -410826.725855198);5421.685155469353
246;Campo de Golf del Centro Nacional de Golf;ARROYO DEL MONTE;SEDES. Centros con espacios deportivos;FUENCARRAL-EL PARDO;POINT (4506826.154319164 -416104.2065551275);Hospital Clínico;Calle Isaac Peral nº 44;POINT (4501763.547264707 -414128.6756488967);5434.400845476117
136;Campo de Golf del Centro Nacional de Golf;ARROYO DEL MONTE;SEDES. Centros con espacios deportivos;FUENCARRAL-EL PARDO;POINT (4506826.154319164 -416104.2065551275);General Perón 1;Avenida del General Perón frente al nº 4;POINT (4503175.790852707 -412057.9944127322);5449.494117669476
206;Campo de Golf del Centro Nacional de Golf;ARROYO DEL MONTE;SEDES. Centros con espacios deportivos;FUENCARRAL-EL PARDO;POINT (4506826.154319164 -416104.2065551275);Cuatro Caminos 2;Calle Doctor Santero nº 1;POINT (4502613.649688099 -412633.4810968745);5458.125179337316
143;Campo de Golf del Centro Nacional de Golf;ARROYO DEL MONTE;SEDES. Centros con espacios deportivos;FUENCARRAL-EL PARDO;POINT (4506826.154319164 -416104.2065551275);Glorieta de los Cuatro Caminos;Calle Santa Engracia nº 168;POINT (4502468.945482017 -412577.8052435277);5605.423718236743
250;Campo de Golf del Centro Nacional de Golf;ARROYO DEL MONTE;SEDES. Centros con espacios deportivos;FUENCARRAL-EL PARDO;POINT (4506826.154319164 -416104.2065551275);Manuel Caldeiro;Paseo de la Castellana nº 298;POINT (4506143.969227422 -410531.1174823327);5614.685949605725
210;Campo de Golf del Centro Nacional de Golf;ARROYO DEL MONTE;SEDES. Centros con espacios deportivos;FUENCARRAL-EL PARDO;POINT (4506826.154319164 -416104.2065551275);Plaza de Castilla;Paseo de la Castellana nº 216;POINT (4504694.711908733 -410901.3308547352);5622.540555897838
154;Campo de Golf del Centro Nacional de Golf;ARROYO DEL MONTE;SEDES. Centros con espacios deportivos;FUENCARRAL-EL PARDO;POINT (4506826.154319164 -416104.2065551275);Cea Bermúdez;Calle Cea Bermúdez nº 59;POINT (4501648.220272245 -413890.2734031079);5631.385353166574
211;Campo de Golf del Centro Nacional de Golf;ARROYO DEL MONTE;SEDES. Centros con espacios deportivos;FUENCARRAL-EL PARDO;POINT (4506826.154319164 -416104.2065551275);Plaza de Castilla 2;Paseo Castellana (Fundación Canal);POINT (4504618.658432623 -410916.2117031638);5638.113928708489
135;Campo de Golf del Centro Nacional de Golf;ARROYO DEL MONTE;SEDES. Centros con espacios deportivos;FUENCARRAL-EL PARDO;POINT (4506826.154319164 -416104.2065551275);Orense 36;Calle Orense nº 36;POINT (4503412.812312503 -411568.7402199113);5676.38604503921
134;Campo de Golf del Centro Nacional de Golf;ARROYO DEL MONTE;SEDES. Centros con espacios deportivos;FUENCARRAL-EL PARDO;POINT (4506826.154319164 -416104.2065551275);Sor Ángela de la Cruz;Calle Sor Ángela de la Cruz nº 2;POINT (4503901.449217341 -411224.1810679014);5689.3364014274675
240;Campo de Golf del Centro Nacional de Golf;ARROYO DEL MONTE;SEDES. Centros con espacios deportivos;FUENCARRAL-EL PARDO;POINT (4506826.154319164 -416104.2065551275);San Germán 5;Calle San Germán nº 5;POINT (4503562.896121526 -411380.874032675);5740.968923632148
144;Campo de Golf del Centro Nacional de Golf;ARROYO DEL MONTE;SEDES. Centros con espacios deportivos;FUENCARRAL-EL PARDO;POINT (4506826.154319164 -416104.2065551275);Raimundo Fernández;Calle Raimundo Fernández Villaverde nº 33;POINT (4502553.359051885 -412187.3054398999);5796.455273920029
204;Campo de Golf del Centro Nacional de Golf;ARROYO DEL MONTE;SEDES. Centros con espacios deportivos;FUENCARRAL-EL PARDO;POINT (4506826.154319164 -416104.2065551275);Parque Santander;Calle Santander esquina con Avenida de Filipinas;POINT (4501886.978316098 -413070.3998686475);5796.502617975912
110;Campo de Golf del Centro Nacional de Golf;ARROYO DEL MONTE;SEDES. Centros con espacios deportivos;FUENCARRAL-EL PARDO;POINT (4506826.154319164 -416104.2065551275);Moncloa;Paseo de Moret nº 2;POINT (4501180.177473204 -414409.1791481215);5894.927688752361
131;Campo de Golf del Centro Nacional de Golf;ARROYO DEL MONTE;SEDES. Centros con espacios deportivos;FUENCARRAL-EL PARDO;POINT (4506826.154319164 -416104.2065551275);Castellana 164;Paseo de la Castellana nº 164;POINT (4503890.484247498 -410987.9276074661);5898.683670104665
253;Campo de Golf del Centro Nacional de Golf;ARROYO DEL MONTE;SEDES. Centros con espacios deportivos;FUENCARRAL-EL PARDO;POINT (4506826.154319164 -416104.2065551275);Chamartín;Calle Rodríguez Jaén nº 40;POINT (4505277.903589051 -410373.8318768769);5935.846550950468
150;Campo de Golf del Centro Nacional de Golf;ARROYO DEL MONTE;SEDES. Centros con espacios deportivos;FUENCARRAL-EL PARDO;POINT (4506826.154319164 -416104.2065551275);Bravo Murillo 44;Calle Bravo Murillo nº 44;POINT (4501965.057806942 -412618.7338531611);5981.536529797004
137;Campo de Golf del Centro Nacional de Golf;ARROYO DEL MONTE;SEDES. Centros con espacios deportivos;FUENCARRAL-EL PARDO;POINT (4506826.154319164 -416104.2065551275);General Perón con Poeta Joan Maragall;Avenida del General Perón frente al nº 36;POINT (4503123.359372543 -411397.308282682);5988.788004585987
113;Campo de Golf del Centro Nacional de Golf;ARROYO DEL MONTE;SEDES. Centros con espacios deportivos;FUENCARRAL-EL PARDO;POINT (4506826.154319164 -416104.2065551275);Paseo de Moret;Paseo de Moret nº 11;POINT (4500936.343260571 -414918.8397121918);6007.908859017033
112;Campo de Golf del Centro Nacional de Golf;ARROYO DEL MONTE;SEDES. Centros con espacios deportivos;FUENCARRAL-EL PARDO;POINT (4506826.154319164 -416104.2065551275);Arcipreste de Hita B;Calle Arcipreste de Hita nº 12;POINT (4501103.489475997 -414173.1523285313);6039.69066536329
139;Campo de Golf del Centro Nacional de Golf;ARROYO DEL MONTE;SEDES. Centros con espacios deportivos;FUENCARRAL-EL PARDO;POINT (4506826.154319164 -416104.2065551275);Orense 12;Calle Orense nº 12;POINT (4502752.0754749 -411643.7585185192);6041.002823750658
111;Campo de Golf del Centro Nacional de Golf;ARROYO DEL MONTE;SEDES. Centros con espacios deportivos;FUENCARRAL-EL PARDO;POINT (4506826.154319164 -416104.2065551275);Arcipreste de Hita A;Calle Arcipreste de Hita nº 12;POINT (4501062.47937559 -414125.7194619767);6093.796848677752
256;Campo de Golf del Centro Nacional de Golf;ARROYO DEL MONTE;SEDES. Centros con espacios deportivos;FUENCARRAL-EL PARDO;POINT (4506826.154319164 -416104.2065551275);López Pozas;Calle General López Pozas nº 2;POINT (4504388.460857612 -410511.0384549898);6101.301402888702
201;Campo de Golf del Centro Nacional de Golf;ARROYO DEL MONTE;SEDES. Centros con espacios deportivos;FUENCARRAL-EL PARDO;POINT (4506826.154319164 -416104.2065551275);Fernando el Católico;Calle Fernando el Católico nº 61;POINT (4501132.488203349 -413832.678113044);6130.063237975812
247;Campo de Golf del Centro Nacional de Golf;ARROYO DEL MONTE;SEDES. Centros con espacios deportivos;FUENCARRAL-EL PARDO;POINT (4506826.154319164 -416104.2065551275);Galileo;Calle Galileo nº 63;POINT (4501359.457513127 -413305.4089098371);6141.501626509297
151;Campo de Golf del Centro Nacional de Golf;ARROYO DEL MONTE;SEDES. Centros con espacios deportivos;FUENCARRAL-EL PARDO;POINT (4506826.154319164 -416104.2065551275);Santa Engracia 127;Calle Santa Engracia nº 127;POINT (4501933.866085621 -412351.6328701167);6165.73543233129
254;Campo de Golf del Centro Nacional de Golf;ARROYO DEL MONTE;SEDES. Centros con espacios deportivos;FUENCARRAL-EL PARDO;POINT (4506826.154319164 -416104.2065551275);Doctor Fleming;Calle Doctor Fleming nº 7;POINT (4503481.207007647 -410879.1546019998);6204.018087474153
203;Campo de Golf del Centro Nacional de Golf;ARROYO DEL MONTE;SEDES. Centros con espacios deportivos;FUENCARRAL-EL PARDO;POINT (4506826.154319164 -416104.2065551275);Canal;Calle José Abascal frente al nº 2;POINT (4501614.868952803 -412596.3006447445);6281.950258140225
119;Campo de Golf del Centro Nacional de Golf;ARROYO DEL MONTE;SEDES. Centros con espacios deportivos;FUENCARRAL-EL PARDO;POINT (4506826.154319164 -416104.2065551275);Altamirano;Calle Altamirano nº 24;POINT (4500756.072477181 -414275.9050254758);6339.446352142827
132;Campo de Golf del Centro Nacional de Golf;ARROYO DEL MONTE;SEDES. Centros con espacios deportivos;FUENCARRAL-EL PARDO;POINT (4506826.154319164 -416104.2065551275);Alberto Alcocer;Avenida de Alberto Alcocer nº 22;POINT (4503823.158219466 -410463.6296565527);6390.155970204348
147;Campo de Golf del Centro Nacional de Golf;ARROYO DEL MONTE;SEDES. Centros con espacios deportivos;FUENCARRAL-EL PARDO;POINT (4506826.154319164 -416104.2065551275);Agustín de Betancourt;Calle María de Guzmán nº 58;POINT (4502208.791832034 -411678.384084004);6395.931588397717
141;Campo de Golf del Centro Nacional de Golf;ARROYO DEL MONTE;SEDES. Centros con espacios deportivos;FUENCARRAL-EL PARDO;POINT (4506826.154319164 -416104.2065551275);Castellana frente a Hermanos Pinzón;Paseo de la Castellana nº 122;POINT (4502750.105119913 -411115.6866801831);6442.0111469504045
162;Campo de Golf del Centro Nacional de Golf;ARROYO DEL MONTE;SEDES. Centros con espacios deportivos;FUENCARRAL-EL PARDO;POINT (4506826.154319164 -416104.2065551275);Fernando el Católico;Calle Fernando el Católico nº 19;POINT (4501075.770922789 -413110.0792881895);6483.186507877617
148;Campo de Golf del Centro Nacional de Golf;ARROYO DEL MONTE;SEDES. Centros con espacios deportivos;FUENCARRAL-EL PARDO;POINT (4506826.154319164 -416104.2065551275);Paseo de la Castellana con Raimundo Fernández;Paseo de la Castellana esquina calle Raimundo Fernández Villaverde;POINT (4502399.337404424 -411253.2066275122);6567.260333986405
125;Campo de Golf del Centro Nacional de Golf;ARROYO DEL MONTE;SEDES. Centros con espacios deportivos;FUENCARRAL-EL PARDO;POINT (4506826.154319164 -416104.2065551275);Guzmán el Bueno;Calle Guzmán el Bueno nº 1;POINT (4500718.902899205 -413656.93627218);6579.335205352905
140;Campo de Golf del Centro Nacional de Golf;ARROYO DEL MONTE;SEDES. Centros con espacios deportivos;FUENCARRAL-EL PARDO;POINT (4506826.154319164 -416104.2065551275);Paseo de la Habana 42;Paseo de la Habana nº 42;POINT (4502857.962574543 -410848.9132512583);6585.184388593593
114;Campo de Golf del Centro Nacional de Golf;ARROYO DEL MONTE;SEDES. Centros con espacios deportivos;FUENCARRAL-EL PARDO;POINT (4506826.154319164 -416104.2065551275);Pintor Rosales;Paseo del Pintor Rosales frente al nº 38;POINT (4500386.191205122 -414456.9691261234);6647.293889827895
145;Campo de Golf del Centro Nacional de Golf;ARROYO DEL MONTE;SEDES. Centros con espacios deportivos;FUENCARRAL-EL PARDO;POINT (4506826.154319164 -416104.2065551275);Castellana 106;Paseo de la Castellana nº 106;POINT (4502353.618489555 -411149.2188625898);6674.989122113853
155;Campo de Golf del Centro Nacional de Golf;ARROYO DEL MONTE;SEDES. Centros con espacios deportivos;FUENCARRAL-EL PARDO;POINT (4506826.154319164 -416104.2065551275);José Abascal;Calle José Abascal nº 33;POINT (4501580.593681588 -411971.8317759682);6677.756188864909
202;Campo de Golf del Centro Nacional de Golf;ARROYO DEL MONTE;SEDES. Centros con espacios deportivos;FUENCARRAL-EL PARDO;POINT (4506826.154319164 -416104.2065551275);Quevedo;Glorieta de Quevedo nº 5;POINT (4501058.271498838 -412689.2573789555);6703.010525492187
57;Campo de Golf del Centro Nacional de Golf;ARROYO DEL MONTE;SEDES. Centros con espacios deportivos;FUENCARRAL-EL PARDO;POINT (4506826.154319164 -416104.2065551275);Santa Cruz del Marcenado;Calle Santa Cruz del Marcenado nº 24;POINT (4500598.677849147 -413577.588164081);6720.510670967506
167;Campo de Golf del Centro Nacional de Golf;ARROYO DEL MONTE;SEDES. Centros con espacios deportivos;FUENCARRAL-EL PARDO;POINT (4506826.154319164 -416104.2065551275);Paseo de la Habana 63;Paseo de la Habana nº 63;POINT (4503361.560818942 -410338.4259175071);6726.636193740399
115;Campo de Golf del Centro Nacional de Golf;ARROYO DEL MONTE;SEDES. Centros con espacios deportivos;FUENCARRAL-EL PARDO;POINT (4506826.154319164 -416104.2065551275);Quintana;Calle Quintana nº 11;POINT (4500396.054112006 -414111.4739888803);6731.80300920042
152;Campo de Golf del Centro Nacional de Golf;ARROYO DEL MONTE;SEDES. Centros con espacios deportivos;FUENCARRAL-EL PARDO;POINT (4506826.154319164 -416104.2065551275);Plaza de San Juan de la Cruz;Plaza de San Juan de la Cruz nº 11;POINT (4501938.029434577 -411363.5194487605);6809.396384981539
157;Campo de Golf del Centro Nacional de Golf;ARROYO DEL MONTE;SEDES. Centros con espacios deportivos;FUENCARRAL-EL PARDO;POINT (4506826.154319164 -416104.2065551275);General Álvarez de Castro;Calle del General Álvarez de Castro nº 1;POINT (4501144.955986317 -412343.6680423389);6813.051034838275
248;Campo de Golf del Centro Nacional de Golf;ARROYO DEL MONTE;SEDES. Centros con espacios deportivos;FUENCARRAL-EL PARDO;POINT (4506826.154319164 -416104.2065551275);Santa Engracia 87;Calle Santa Engracia nº 87;POINT (4501319.382496442 -412088.3699950955);6815.532201113967
3;Campo de Golf del Centro Nacional de Golf;ARROYO DEL MONTE;SEDES. Centros con espacios deportivos;FUENCARRAL-EL PARDO;POINT (4506826.154319164 -416104.2065551275);Plaza Conde Suchil;Plaza del Conde del Valle de Súchil nº 3;POINT (4500679.707306497 -412940.3068148262);6912.964085412888
116;Campo de Golf del Centro Nacional de Golf;ARROYO DEL MONTE;SEDES. Centros con espacios deportivos;FUENCARRAL-EL PARDO;POINT (4506826.154319164 -416104.2065551275);Ferraz;Calle Evaristo San Miguel nº 2;POINT (4500134.319725253 -414070.0873872812);6994.161209271071
13;Campo de Golf del Centro Nacional de Golf;ARROYO DEL MONTE;SEDES. Centros con espacios deportivos;FUENCARRAL-EL PARDO;POINT (4506826.154319164 -416104.2065551275);Conde Duque;Calle Conde Duque nº 22;POINT (4500349.388981465 -413333.4868775574);7044.528143977751
14;Campo de Golf del Centro Nacional de Golf;ARROYO DEL MONTE;SEDES. Centros con espacios deportivos;FUENCARRAL-EL PARDO;POINT (4506826.154319164 -416104.2065551275);Ventura Rodríguez;Calle Duque de Liria;POINT (4500212.388084146 -413672.3083719324);7046.703668020493
255;Campo de Golf del Centro Nacional de Golf;ARROYO DEL MONTE;SEDES. Centros con espacios deportivos;FUENCARRAL-EL PARDO;POINT (4506826.154319164 -416104.2065551275);Pío XII;Avenida Pío XII nº 3;POINT (4504032.238487074 -409616.4103570187);7063.813784705729
263;Campo de Golf del Centro Nacional de Golf;ARROYO DEL MONTE;SEDES. Centros con espacios deportivos;FUENCARRAL-EL PARDO;POINT (4506826.154319164 -416104.2065551275);Zurbano;Calle Zurbano nº 90;POINT (4501578.756909991 -411366.6317244973);7069.63894733124
138;Campo de Golf del Centro Nacional de Golf;ARROYO DEL MONTE;SEDES. Centros con espacios deportivos;FUENCARRAL-EL PARDO;POINT (4506826.154319164 -416104.2065551275);Serrano 210;Calle Serrano nº 210;POINT (4502986.814885137 -410138.0377956042);7094.765461718317
153;Campo de Golf del Centro Nacional de Golf;ARROYO DEL MONTE;SEDES. Centros con espacios deportivos;FUENCARRAL-EL PARDO;POINT (4506826.154319164 -416104.2065551275);José Gutiérrez Abascal ;Calle José Gutiérrez Abascal nº 2;POINT (4501724.496387337 -411140.004762102);7118.301278763834
12;Campo de Golf del Centro Nacional de Golf;ARROYO DEL MONTE;SEDES. Centros con espacios deportivos;FUENCARRAL-EL PARDO;POINT (4506826.154319164 -416104.2065551275);San Hermenegildo;Calle San Bernardo nº 85;POINT (4500471.640046255 -412859.5425631495);7134.962933712417
146;Campo de Golf del Centro Nacional de Golf;ARROYO DEL MONTE;SEDES. Centros con espacios deportivos;FUENCARRAL-EL PARDO;POINT (4506826.154319164 -416104.2065551275);Plaza de la República Argentina;Plaza de la República Argentina nº 6;POINT (4502362.557444666 -410532.3668441684);7139.264305420794
158;Campo de Golf del Centro Nacional de Golf;ARROYO DEL MONTE;SEDES. Centros con espacios deportivos;FUENCARRAL-EL PARDO;POINT (4506826.154319164 -416104.2065551275);General Martínez Campos ;Calle Fernández de la Hoz nº 29;POINT (4501235.336280893 -411595.6017840904);7182.253359390967
126;Campo de Golf del Centro Nacional de Golf;ARROYO DEL MONTE;SEDES. Centros con espacios deportivos;FUENCARRAL-EL PARDO;POINT (4506826.154319164 -416104.2065551275);Paseo de la Florida;Paseo de la Florida nº 8;POINT (4499752.727642763 -414678.4498738055);7215.687566736421
163;Campo de Golf del Centro Nacional de Golf;ARROYO DEL MONTE;SEDES. Centros con espacios deportivos;FUENCARRAL-EL PARDO;POINT (4506826.154319164 -416104.2065551275);Manuel Silvela;Calle Manuel Silvela nº 20;POINT (4500753.033455082 -412095.7881978624);7276.689821382331
166;Campo de Golf del Centro Nacional de Golf;ARROYO DEL MONTE;SEDES. Centros con espacios deportivos;FUENCARRAL-EL PARDO;POINT (4506826.154319164 -416104.2065551275);Colombia;Calle Colombia nº 7;POINT (4503680.090409898 -409529.8371102056);7288.350411410592
15;Campo de Golf del Centro Nacional de Golf;ARROYO DEL MONTE;SEDES. Centros con espacios deportivos;FUENCARRAL-EL PARDO;POINT (4506826.154319164 -416104.2065551275);San Vicente Ferrer;Calle San Vicente Ferrer nº 64;POINT (4500228.262243534 -412999.2290633588);7291.9863594265025
4;Campo de Golf del Centro Nacional de Golf;ARROYO DEL MONTE;SEDES. Centros con espacios deportivos;FUENCARRAL-EL PARDO;POINT (4506826.154319164 -416104.2065551275);Malasaña;Calle Manuela Malasaña nº 5;POINT (4500485.866677178 -412457.3286497012);7314.298725114395
118;Campo de Golf del Centro Nacional de Golf;ARROYO DEL MONTE;SEDES. Centros con espacios deportivos;FUENCARRAL-EL PARDO;POINT (4506826.154319164 -416104.2065551275);Plaza de España B;Calle Princesa nº 5;POINT (4499992.454166186 -413474.1891859116);7322.32539178593
117;Campo de Golf del Centro Nacional de Golf;ARROYO DEL MONTE;SEDES. Centros con espacios deportivos;FUENCARRAL-EL PARDO;POINT (4506826.154319164 -416104.2065551275);Plaza de España A;Calle Princesa nº 5;POINT (4499981.322217106 -413463.0338381871);7336.724052741818
5;Campo de Golf del Centro Nacional de Golf;ARROYO DEL MONTE;SEDES. Centros con espacios deportivos;FUENCARRAL-EL PARDO;POINT (4506826.154319164 -416104.2065551275);Fuencarral;Calle Fuencarral nº 108;POINT (4500482.259925677 -412397.3692885628);7347.491993634218
251;Campo de Golf del Centro Nacional de Golf;ARROYO DEL MONTE;SEDES. Centros con espacios deportivos;FUENCARRAL-EL PARDO;POINT (4506826.154319164 -416104.2065551275);Serrano 113;Calle Serrano nº 113B;POINT (4501878.206340224 -410617.0111451639);7388.606273812452
11;Campo de Golf del Centro Nacional de Golf;ARROYO DEL MONTE;SEDES. Centros con espacios deportivos;FUENCARRAL-EL PARDO;POINT (4506826.154319164 -416104.2065551275);San Andrés;Calle San Andrés nº 18;POINT (4500307.299081996 -412569.3607219309);7415.565296565285
199;Campo de Golf del Centro Nacional de Golf;ARROYO DEL MONTE;SEDES. Centros con espacios deportivos;FUENCARRAL-EL PARDO;POINT (4506826.154319164 -416104.2065551275);Parque Berlín;Avenida de Concha Espina nº 34;POINT (4503049.65473769 -409720.7646285511);7416.891526701229
142;Campo de Golf del Centro Nacional de Golf;ARROYO DEL MONTE;SEDES. Centros con espacios deportivos;FUENCARRAL-EL PARDO;POINT (4506826.154319164 -416104.2065551275);Doctor Arce 45;Avenida del Doctor Arce nº 45;POINT (4502687.153947869 -409907.509408599);7451.87087913997
59;Campo de Golf del Centro Nacional de Golf;ARROYO DEL MONTE;SEDES. Centros con espacios deportivos;FUENCARRAL-EL PARDO;POINT (4506826.154319164 -416104.2065551275);Plaza de Juan Pujol;Calle Espíritu Santo nº 30;POINT (4500151.585378275 -412653.0251025294);7514.021823593425
159;Campo de Golf del Centro Nacional de Golf;ARROYO DEL MONTE;SEDES. Centros con espacios deportivos;FUENCARRAL-EL PARDO;POINT (4506826.154319164 -416104.2065551275);Paseo de la Castellana - Glorieta de Emilio Castelar;Paseo de la Castellana nº 43;POINT (4501260.861840132 -410968.0381237534);7573.156972664726
124;Campo de Golf del Centro Nacional de Golf;ARROYO DEL MONTE;SEDES. Centros con espacios deportivos;FUENCARRAL-EL PARDO;POINT (4506826.154319164 -416104.2065551275);Santa Engracia 14;Calle Santa Engracia nº 14;POINT (4500557.868123823 -411802.4516897136);7602.401380407429
200;Campo de Golf del Centro Nacional de Golf;ARROYO DEL MONTE;SEDES. Centros con espacios deportivos;FUENCARRAL-EL PARDO;POINT (4506826.154319164 -416104.2065551275);Rubén Darío;Glorieta Rubén Darío 2;POINT (4500993.338839858 -411226.6909641492);7603.413362160023
16;Campo de Golf del Centro Nacional de Golf;ARROYO DEL MONTE;SEDES. Centros con espacios deportivos;FUENCARRAL-EL PARDO;POINT (4506826.154319164 -416104.2065551275);San Bernardo;Calle San Bernardo nº 22;POINT (4499875.802471784 -413006.0561038951);7609.594405804793
54;Campo de Golf del Centro Nacional de Golf;ARROYO DEL MONTE;SEDES. Centros con espacios deportivos;FUENCARRAL-EL PARDO;POINT (4506826.154319164 -416104.2065551275);Barceló;Calle Barceló nº 7;POINT (4500277.743757191 -412215.8739185985);7615.826388545017
17;Campo de Golf del Centro Nacional de Golf;ARROYO DEL MONTE;SEDES. Centros con espacios deportivos;FUENCARRAL-EL PARDO;POINT (4506826.154319164 -416104.2065551275);Carlos Cambronero;Plaza de Carlos Cambronero nº 2;POINT (4499897.264869608 -412596.0663845149);7766.373443302818
55;Campo de Golf del Centro Nacional de Golf;ARROYO DEL MONTE;SEDES. Centros con espacios deportivos;FUENCARRAL-EL PARDO;POINT (4506826.154319164 -416104.2065551275);Plaza de San Ildefonso;Plaza de San Ildefonso;POINT (4499976.390763665 -412401.1843761311);7786.631750917154
8;Campo de Golf del Centro Nacional de Golf;ARROYO DEL MONTE;SEDES. Centros con espacios deportivos;FUENCARRAL-EL PARDO;POINT (4506826.154319164 -416104.2065551275);Alonso Martínez;Plaza de Alonso Martínez nº 5;POINT (4500409.701881577 -411660.0450265493);7805.218355428102
149;Campo de Golf del Centro Nacional de Golf;ARROYO DEL MONTE;SEDES. Centros con espacios deportivos;FUENCARRAL-EL PARDO;POINT (4506826.154319164 -416104.2065551275);María Francisca 1;Calle María Francisca nº 1;POINT (4502230.621584177 -409794.5433319392);7805.816492103467
156;Campo de Golf del Centro Nacional de Golf;ARROYO DEL MONTE;SEDES. Centros con espacios deportivos;FUENCARRAL-EL PARDO;POINT (4506826.154319164 -416104.2065551275);Velázquez 130;Calle Velázquez nº 130;POINT (4501594.642201326 -410289.9240125625);7821.419342029082
30;Campo de Golf del Centro Nacional de Golf;ARROYO DEL MONTE;SEDES. Centros con espacios deportivos;FUENCARRAL-EL PARDO;POINT (4506826.154319164 -416104.2065551275);San Quintín;Calle Pavía nº 6;POINT (4499445.819806646 -413451.990045185);7842.422453061689
161;Campo de Golf del Centro Nacional de Golf;ARROYO DEL MONTE;SEDES. Centros con espacios deportivos;FUENCARRAL-EL PARDO;POINT (4506826.154319164 -416104.2065551275);Castellana 42;Paseo de la Castellana nº 42;POINT (4501026.467520318 -410820.6351983233);7845.539704007204
22;Campo de Golf del Centro Nacional de Golf;ARROYO DEL MONTE;SEDES. Centros con espacios deportivos;FUENCARRAL-EL PARDO;POINT (4506826.154319164 -416104.2065551275);Santo Domingo;Plaza de Santo Domingo nº 1;POINT (4499565.365807809 -413075.0070087528);7867.343878234076
7;Campo de Golf del Centro Nacional de Golf;ARROYO DEL MONTE;SEDES. Centros con espacios deportivos;FUENCARRAL-EL PARDO;POINT (4506826.154319164 -416104.2065551275);Hortaleza;Calle Hortaleza nº 75;POINT (4500111.632813029 -411920.0940713277);7911.485090262325
2;Campo de Golf del Centro Nacional de Golf;ARROYO DEL MONTE;SEDES. Centros con espacios deportivos;FUENCARRAL-EL PARDO;POINT (4506826.154319164 -416104.2065551275);Miguel Moya;Calle Miguel Moya nº 1;POINT (4499599.340516399 -412820.3206106317);7937.930752803354
21;Campo de Golf del Centro Nacional de Golf;ARROYO DEL MONTE;SEDES. Centros con espacios deportivos;FUENCARRAL-EL PARDO;POINT (4506826.154319164 -416104.2065551275);Jacometrezo;Calle Jacometrezo nº 3;POINT (4499542.534180247 -412897.9725061509);7958.081370836545
6;Campo de Golf del Centro Nacional de Golf;ARROYO DEL MONTE;SEDES. Centros con espacios deportivos;FUENCARRAL-EL PARDO;POINT (4506826.154319164 -416104.2065551275);Colegio Arquitectos;Calle Hortaleza nº 63;POINT (4499995.571111929 -411995.4472918063);7971.120977309091
23;Campo de Golf del Centro Nacional de Golf;ARROYO DEL MONTE;SEDES. Centros con espacios deportivos;FUENCARRAL-EL PARDO;POINT (4506826.154319164 -416104.2065551275);Palacio de Oriente;Calle Carlos III nº 1;POINT (4499300.937489377 -413361.4086785797);8009.483661691601
218;Campo de Golf del Centro Nacional de Golf;ARROYO DEL MONTE;SEDES. Centros con espacios deportivos;FUENCARRAL-EL PARDO;POINT (4506826.154319164 -416104.2065551275);Puerta del Ángel;Plaza Puerta del Ángel nº 4;POINT (4498839.629519532 -415327.6677751078);8024.187862458407
36;Campo de Golf del Centro Nacional de Golf;ARROYO DEL MONTE;SEDES. Centros con espacios deportivos;FUENCARRAL-EL PARDO;POINT (4506826.154319164 -416104.2065551275);Plaza Ramales;Plaza de Ramales;POINT (4499177.595493579 -413488.3564793401);8083.509369539448
213;Campo de Golf del Centro Nacional de Golf;ARROYO DEL MONTE;SEDES. Centros con espacios deportivos;FUENCARRAL-EL PARDO;POINT (4506826.154319164 -416104.2065551275);Desengaño;Calle Desengaño nº 1;POINT (4499599.496363685 -412435.2970662623);8104.658046023352
192;Campo de Golf del Centro Nacional de Golf;ARROYO DEL MONTE;SEDES. Centros con espacios deportivos;FUENCARRAL-EL PARDO;POINT (4506826.154319164 -416104.2065551275);Velázquez-Diego de León;Calle Velázquez nº 91;POINT (4501129.393521504 -410337.3885030076);8106.125710350733
198;Campo de Golf del Centro Nacional de Golf;ARROYO DEL MONTE;SEDES. Centros con espacios deportivos;FUENCARRAL-EL PARDO;POINT (4506826.154319164 -416104.2065551275);Prosperidad;Calle Suero de Quiñones nº 2;POINT (4502220.936788478 -409395.4094541799);8137.320630688223
58;Campo de Golf del Centro Nacional de Golf;ARROYO DEL MONTE;SEDES. Centros con espacios deportivos;FUENCARRAL-EL PARDO;POINT (4506826.154319164 -416104.2065551275);Augusto Figueroa;Calle Augusto Figueroa nº 33;POINT (4499788.316483969 -411933.8707106047);8180.639489099871
212;Campo de Golf del Centro Nacional de Golf;ARROYO DEL MONTE;SEDES. Centros con espacios deportivos;FUENCARRAL-EL PARDO;POINT (4506826.154319164 -416104.2065551275);Tres Cruces;Calle Tres Cruces nº 7;POINT (4499497.527710119 -412466.9221508605);8181.601665464248
102;Campo de Golf del Centro Nacional de Golf;ARROYO DEL MONTE;SEDES. Centros con espacios deportivos;FUENCARRAL-EL PARDO;POINT (4506826.154319164 -416104.2065551275);Ortega y Gasset;Calle José Ortega y Gasset nº 4;POINT (4500688.200983644 -410666.0932715982);8200.46018425288
18;Campo de Golf del Centro Nacional de Golf;ARROYO DEL MONTE;SEDES. Centros con espacios deportivos;FUENCARRAL-EL PARDO;POINT (4506826.154319164 -416104.2065551275);Plaza de Pedro Zerolo;Plaza de Pedro Zerolo nº 1;POINT (4499620.346504311 -412129.6665234389);8229.254810011353
169;Campo de Golf del Centro Nacional de Golf;ARROYO DEL MONTE;SEDES. Centros con espacios deportivos;FUENCARRAL-EL PARDO;POINT (4506826.154319164 -416104.2065551275);Segovia 45;Calle Segovia nº 45;POINT (4498836.512573789 -414119.4166486443);8232.482383359467
26;Campo de Golf del Centro Nacional de Golf;ARROYO DEL MONTE;SEDES. Centros con espacios deportivos;FUENCARRAL-EL PARDO;POINT (4506826.154319164 -416104.2065551275);Plaza de las Salesas;Plaza de las Salesas 7;POINT (4499962.954501126 -411552.3644858565);8235.458576540048
10;Campo de Golf del Centro Nacional de Golf;ARROYO DEL MONTE;SEDES. Centros con espacios deportivos;FUENCARRAL-EL PARDO;POINT (4506826.154319164 -416104.2065551275);Marqués de la Ensenada;Calle Marqués de la Ensenada nº 16;POINT (4500127.150750047 -411291.8925134224);8248.334089684076
25;Campo de Golf del Centro Nacional de Golf;ARROYO DEL MONTE;SEDES. Centros con espacios deportivos;FUENCARRAL-EL PARDO;POINT (4506826.154319164 -416104.2065551275);Plaza de Celenque B;Plaza de Celenque nº 1;POINT (4499230.817342127 -412880.8045268614);8251.028083250254
24;Campo de Golf del Centro Nacional de Golf;ARROYO DEL MONTE;SEDES. Centros con espacios deportivos;FUENCARRAL-EL PARDO;POINT (4506826.154319164 -416104.2065551275);Plaza de Celenque A;Plaza de Celenque nº 1;POINT (4499241.080999179 -412813.3597196625);8268.192678212448
56;Campo de Golf del Centro Nacional de Golf;ARROYO DEL MONTE;SEDES. Centros con espacios deportivos;FUENCARRAL-EL PARDO;POINT (4506826.154319164 -416104.2065551275);Plaza del Carmen ;Plaza del Carmen nº 1;POINT (4499357.844013072 -412530.272747613);8279.411916832369
103;Campo de Golf del Centro Nacional de Golf;ARROYO DEL MONTE;SEDES. Centros con espacios deportivos;FUENCARRAL-EL PARDO;POINT (4506826.154319164 -416104.2065551275);Castellana;Paseo de la Castellana nº 4;POINT (4500287.450816788 -411006.322315812);8291.143902348611
9;Campo de Golf del Centro Nacional de Golf;ARROYO DEL MONTE;SEDES. Centros con espacios deportivos;FUENCARRAL-EL PARDO;POINT (4506826.154319164 -416104.2065551275);Plaza de San Miguel;Plaza de San Miguel nº 9;POINT (4499044.646625726 -413229.3742149966);8295.57249181207
31;Campo de Golf del Centro Nacional de Golf;ARROYO DEL MONTE;SEDES. Centros con espacios deportivos;FUENCARRAL-EL PARDO;POINT (4506826.154319164 -416104.2065551275);Calle Mayor;Calle Mayor nº 20;POINT (4499129.037931696 -412938.0534466859);8322.867666155358
87;Campo de Golf del Centro Nacional de Golf;ARROYO DEL MONTE;SEDES. Centros con espacios deportivos;FUENCARRAL-EL PARDO;POINT (4506826.154319164 -416104.2065551275);Embajada de Italia;Calle Velázquez nº 75;POINT (4500798.140112751 -410364.9413433588);8323.227765941327
168;Campo de Golf del Centro Nacional de Golf;ARROYO DEL MONTE;SEDES. Centros con espacios deportivos;FUENCARRAL-EL PARDO;POINT (4506826.154319164 -416104.2065551275);Segovia 26;Calle Segovia nº 26;POINT (4498847.343960243 -413683.9434243559);8337.810765770495
19;Campo de Golf del Centro Nacional de Golf;ARROYO DEL MONTE;SEDES. Centros con espacios deportivos;FUENCARRAL-EL PARDO;POINT (4506826.154319164 -416104.2065551275);Prim;Calle Prim nº 2;POINT (4499741.050228179 -411666.5150099347);8360.13195053639
92;Campo de Golf del Centro Nacional de Golf;ARROYO DEL MONTE;SEDES. Centros con espacios deportivos;FUENCARRAL-EL PARDO;POINT (4506826.154319164 -416104.2065551275);Plaza de Colón;Calle Goya nº 1;POINT (4500168.851031297 -410982.874361928);8399.269640852846
35;Campo de Golf del Centro Nacional de Golf;ARROYO DEL MONTE;SEDES. Centros con espacios deportivos;FUENCARRAL-EL PARDO;POINT (4506826.154319164 -416104.2065551275);Plaza del Cordón;Plaza del Cordón;POINT (4498887.396713031 -413320.8590420586);8412.543949808163
196;Campo de Golf del Centro Nacional de Golf;ARROYO DEL MONTE;SEDES. Centros con espacios deportivos;FUENCARRAL-EL PARDO;POINT (4506826.154319164 -416104.2065551275);Avenida de América 2;Calle Francisco Silvela nº 86;POINT (4501454.079080301 -409627.8106793762);8414.44566869692
104;Campo de Golf del Centro Nacional de Golf;ARROYO DEL MONTE;SEDES. Centros con espacios deportivos;FUENCARRAL-EL PARDO;POINT (4506826.154319164 -416104.2065551275);Serrano;Calle Serrano nº 54;POINT (4500311.941104763 -410768.7196144423);8420.355972101232
197;Campo de Golf del Centro Nacional de Golf;ARROYO DEL MONTE;SEDES. Centros con espacios deportivos;FUENCARRAL-EL PARDO;POINT (4506826.154319164 -416104.2065551275);Avenida de América 1;Calle Padre Indalecio Hernández nº 1;POINT (4501673.623380044 -409429.4988002647);8432.09930512041
0;Campo de Golf del Centro Nacional de Golf;ARROYO DEL MONTE;SEDES. Centros con espacios deportivos;FUENCARRAL-EL PARDO;POINT (4506826.154319164 -416104.2065551275);Puerta del Sol A;Puerta del Sol nº 1;POINT (4499223.648366921 -412373.2851572837);8468.640459411954
1;Campo de Golf del Centro Nacional de Golf;ARROYO DEL MONTE;SEDES. Centros con espacios deportivos;FUENCARRAL-EL PARDO;POINT (4506826.154319164 -416104.2065551275);Puerta del Sol B;Puerta del Sol nº 1;POINT (4499234.670122574 -412347.498528782);8470.152743740085
33;Campo de Golf del Centro Nacional de Golf;ARROYO DEL MONTE;SEDES. Centros con espacios deportivos;FUENCARRAL-EL PARDO;POINT (4506826.154319164 -416104.2065551275);Carretas;Calle Carretas nº 8;POINT (4499144.633792356 -412512.6363122115);8479.689523419056
32;Campo de Golf del Centro Nacional de Golf;ARROYO DEL MONTE;SEDES. Centros con espacios deportivos;FUENCARRAL-EL PARDO;POINT (4506826.154319164 -416104.2065551275);Plaza de la Provincia;Plaza de la Provincia nº 1;POINT (4498978.322473111 -412849.5139680046);8495.968957135354
160;Campo de Golf del Centro Nacional de Golf;ARROYO DEL MONTE;SEDES. Centros con espacios deportivos;FUENCARRAL-EL PARDO;POINT (4506826.154319164 -416104.2065551275);Diego de León 52;Calle Diego de León nº 52;POINT (4501158.781867075 -409769.4558894621);8499.892735020338
93;Campo de Golf del Centro Nacional de Golf;ARROYO DEL MONTE;SEDES. Centros con espacios deportivos;FUENCARRAL-EL PARDO;POINT (4506826.154319164 -416104.2065551275);Biblioteca Nacional;Paseo de Recoletos nº 20;POINT (4499891.743422865 -411137.5060231353);8529.605421894195
226;Campo de Golf del Centro Nacional de Golf;ARROYO DEL MONTE;SEDES. Centros con espacios deportivos;FUENCARRAL-EL PARDO;POINT (4506826.154319164 -416104.2065551275);Caramuel;Calle Caramuel nº 51;POINT (4498324.476616229 -415351.7319152079);8534.91311310849
91;Campo de Golf del Centro Nacional de Golf;ARROYO DEL MONTE;SEDES. Centros con espacios deportivos;FUENCARRAL-EL PARDO;POINT (4506826.154319164 -416104.2065551275);Claudio Coello;Calle Claudio Coello nº 45;POINT (4500234.518398915 -410667.911541748);8544.177407896554
28;Campo de Golf del Centro Nacional de Golf;ARROYO DEL MONTE;SEDES. Centros con espacios deportivos;FUENCARRAL-EL PARDO;POINT (4506826.154319164 -416104.2065551275);Sevilla;Calle Alcalá nº 27;POINT (4499328.077181233 -411994.3094633275);8550.579797391103
105;Campo de Golf del Centro Nacional de Golf;ARROYO DEL MONTE;SEDES. Centros con espacios deportivos;FUENCARRAL-EL PARDO;POINT (4506826.154319164 -416104.2065551275);Colón A;Calle Serrano nº 34;POINT (4500101.569531062 -410799.1394214677);8565.265779006448
106;Campo de Golf del Centro Nacional de Golf;ARROYO DEL MONTE;SEDES. Centros con espacios deportivos;FUENCARRAL-EL PARDO;POINT (4506826.154319164 -416104.2065551275);Colón B;Calle Serrano nº 34;POINT (4500086.296496924 -410801.6269968595);8575.723493430474
109;Campo de Golf del Centro Nacional de Golf;ARROYO DEL MONTE;SEDES. Centros con espacios deportivos;FUENCARRAL-EL PARDO;POINT (4506826.154319164 -416104.2065551275);Marqués de Salamanca;Calle José Ortega y Gasset nº 30;POINT (4500652.367239557 -410120.636040573);8597.602166125745
20;Campo de Golf del Centro Nacional de Golf;ARROYO DEL MONTE;SEDES. Centros con espacios deportivos;FUENCARRAL-EL PARDO;POINT (4506826.154319164 -416104.2065551275);Banco de España A;Calle Alcalá nº 49;POINT (4499448.569398068 -411662.4099169793);8611.522318536592
34;Campo de Golf del Centro Nacional de Golf;ARROYO DEL MONTE;SEDES. Centros con espacios deportivos;FUENCARRAL-EL PARDO;POINT (4506826.154319164 -416104.2065551275);Jacinto Benavente;Plaza de Jacinto Benavente;POINT (4498941.097235389 -412579.4785305898);8637.003696963207
37;Campo de Golf del Centro Nacional de Golf;ARROYO DEL MONTE;SEDES. Centros con espacios deportivos;FUENCARRAL-EL PARDO;POINT (4506826.154319164 -416104.2065551275);Plaza de San Francisco;Plaza de San Francisco nº 5;POINT (4498509.678548819 -413743.0334481568);8645.16672365642
40;Campo de Golf del Centro Nacional de Golf;ARROYO DEL MONTE;SEDES. Centros con espacios deportivos;FUENCARRAL-EL PARDO;POINT (4506826.154319164 -416104.2065551275);Conde de Romanones;Plaza del Conde de Romanones nº 9;POINT (4498853.05465012 -412719.8339501668);8661.6566695821
86;Campo de Golf del Centro Nacional de Golf;ARROYO DEL MONTE;SEDES. Centros con espacios deportivos;FUENCARRAL-EL PARDO;POINT (4506826.154319164 -416104.2065551275);Ayala;Calle Ayala nº 44;POINT (4500394.985444895 -410300.9451425164);8662.434768151006
38;Campo de Golf del Centro Nacional de Golf;ARROYO DEL MONTE;SEDES. Centros con espacios deportivos;FUENCARRAL-EL PARDO;POINT (4506826.154319164 -416104.2065551275);Plaza de los Carros;Carrera de San Francisco nº 1;POINT (4498576.926653208 -413448.8888590888);8666.052685719837
39;Campo de Golf del Centro Nacional de Golf;ARROYO DEL MONTE;SEDES. Centros con espacios deportivos;FUENCARRAL-EL PARDO;POINT (4506826.154319164 -416104.2065551275);Plaza de la Cebada;Plaza de la Cebada nº 16 ;POINT (4498562.488515252 -413154.1092953339);8774.465588341427
85;Campo de Golf del Centro Nacional de Golf;ARROYO DEL MONTE;SEDES. Centros con espacios deportivos;FUENCARRAL-EL PARDO;POINT (4506826.154319164 -416104.2065551275);Cibeles;Plaza Cibeles;POINT (4499383.714662732 -411426.8470284207);8790.19909795658
52;Campo de Golf del Centro Nacional de Golf;ARROYO DEL MONTE;SEDES. Centros con espacios deportivos;FUENCARRAL-EL PARDO;POINT (4506826.154319164 -416104.2065551275);Plaza de Santa Ana;Plaza de Santa Ana nº 10;POINT (4498912.944536167 -412248.60329872);8802.531768789097
94;Campo de Golf del Centro Nacional de Golf;ARROYO DEL MONTE;SEDES. Centros con espacios deportivos;FUENCARRAL-EL PARDO;POINT (4506826.154319164 -416104.2065551275);Villanueva;Calle Claudio Coello nº 109;POINT (4499829.749598443 -410724.6348941579);8825.501134306473
107;Campo de Golf del Centro Nacional de Golf;ARROYO DEL MONTE;SEDES. Centros con espacios deportivos;FUENCARRAL-EL PARDO;POINT (4506826.154319164 -416104.2065551275);Columela;Calle Serrano nº 8;POINT (4499703.535559781 -410878.8087952816);8833.82588350726
225;Campo de Golf del Centro Nacional de Golf;ARROYO DEL MONTE;SEDES. Centros con espacios deportivos;FUENCARRAL-EL PARDO;POINT (4506826.154319164 -416104.2065551275);Ermita Santo;Paseo de la Ermita del Santo nº 48;POINT (4498068.615450309 -414900.5668678451);8839.86626235484
89;Campo de Golf del Centro Nacional de Golf;ARROYO DEL MONTE;SEDES. Centros con espacios deportivos;FUENCARRAL-EL PARDO;POINT (4506826.154319164 -416104.2065551275);General Pardiñas;Calle Goya nº 18;POINT (4500094.433951701 -410360.17815948);8849.289311335919
193;Campo de Golf del Centro Nacional de Golf;ARROYO DEL MONTE;SEDES. Centros con espacios deportivos;FUENCARRAL-EL PARDO;POINT (4506826.154319164 -416104.2065551275);Diego de león;Calle Alonso Heredia nº 1;POINT (4501163.401625942 -409268.3776613383);8876.673066512887
29;Campo de Golf del Centro Nacional de Golf;ARROYO DEL MONTE;SEDES. Centros con espacios deportivos;FUENCARRAL-EL PARDO;POINT (4506826.154319164 -416104.2065551275);Marqués de Cubas;Calle del Marqués de Cubas nº 25;POINT (4499117.694475584 -411692.9750153535);8881.402865403139
164;Campo de Golf del Centro Nacional de Golf;ARROYO DEL MONTE;SEDES. Centros con espacios deportivos;FUENCARRAL-EL PARDO;POINT (4506826.154319164 -416104.2065551275);Juan Bravo 50;Calle Juan Bravo nº 50;POINT (4500910.339027523 -409475.3565744966);8884.735372003292
238;Campo de Golf del Centro Nacional de Golf;ARROYO DEL MONTE;SEDES. Centros con espacios deportivos;FUENCARRAL-EL PARDO;POINT (4506826.154319164 -416104.2065551275);Paseo Imperial;Paseo Imperial nº 20;POINT (4498159.463166549 -414089.7853865778);8897.72039227601
252;Campo de Golf del Centro Nacional de Golf;ARROYO DEL MONTE;SEDES. Centros con espacios deportivos;FUENCARRAL-EL PARDO;POINT (4506826.154319164 -416104.2065551275);Corazón de María;Calle Santa Hortensia nº 31;POINT (4502228.862736222 -408468.5763648933);8912.796323298542
188;Campo de Golf del Centro Nacional de Golf;ARROYO DEL MONTE;SEDES. Centros con espacios deportivos;FUENCARRAL-EL PARDO;POINT (4506826.154319164 -416104.2065551275);General Pardiñas;Calle General Pardiñas nº 56;POINT (4500541.871512996 -409745.550875684);8940.062216652692
60;Campo de Golf del Centro Nacional de Golf;ARROYO DEL MONTE;SEDES. Centros con espacios deportivos;FUENCARRAL-EL PARDO;POINT (4506826.154319164 -416104.2065551275);Plaza de la Independencia;Plaza de la Independencia nº 6;POINT (4499506.210630401 -410874.4694788163);8996.20617227116
41;Campo de Golf del Centro Nacional de Golf;ARROYO DEL MONTE;SEDES. Centros con espacios deportivos;FUENCARRAL-EL PARDO;POINT (4506826.154319164 -416104.2065551275);Antón Martín;Calle Atocha nº 54;POINT (4498666.049037537 -412069.9304649164);9102.895241586466
44;Campo de Golf del Centro Nacional de Golf;ARROYO DEL MONTE;SEDES. Centros con espacios deportivos;FUENCARRAL-EL PARDO;POINT (4506826.154319164 -416104.2065551275);Plaza de Nelson Mandela;Calle Mesón de Paredes nº 35;POINT (4498394.095521529 -412622.3258442401);9122.670050573202
90;Campo de Golf del Centro Nacional de Golf;ARROYO DEL MONTE;SEDES. Centros con espacios deportivos;FUENCARRAL-EL PARDO;POINT (4506826.154319164 -416104.2065551275);Príncipe de Vergara;Calle Hermosilla nº 70;POINT (4500216.651620643 -409797.5774739215);9135.595015633655
45;Campo de Golf del Centro Nacional de Golf;ARROYO DEL MONTE;SEDES. Centros con espacios deportivos;FUENCARRAL-EL PARDO;POINT (4506826.154319164 -416104.2065551275);Puerta de Toledo;Glorieta de la Puerta de Toledo nº 1;POINT (4498090.649721576 -413401.4898074972);9144.053717712382
43;Campo de Golf del Centro Nacional de Golf;ARROYO DEL MONTE;SEDES. Centros con espacios deportivos;FUENCARRAL-EL PARDO;POINT (4506826.154319164 -416104.2065551275);Jesús y María;Calle Lavapiés nº 34;POINT (4498438.033324544 -412447.8355465636);9150.38921427124
101;Campo de Golf del Centro Nacional de Golf;ARROYO DEL MONTE;SEDES. Centros con espacios deportivos;FUENCARRAL-EL PARDO;POINT (4506826.154319164 -416104.2065551275);Velázquez;Calle Alcalá nº 95;POINT (4499665.197127152 -410386.4258711423);9163.641408085745
27;Campo de Golf del Centro Nacional de Golf;ARROYO DEL MONTE;SEDES. Centros con espacios deportivos;FUENCARRAL-EL PARDO;POINT (4506826.154319164 -416104.2065551275);Huertas;Calle Jesús nº 1;POINT (4498785.728622088 -411679.8454080719);9177.331690081637
245;Campo de Golf del Centro Nacional de Golf;ARROYO DEL MONTE;SEDES. Centros con espacios deportivos;FUENCARRAL-EL PARDO;POINT (4506826.154319164 -416104.2065551275);Cartagena;Calle Cartagena nº 34;POINT (4501206.94981074 -408835.5694681148);9187.41228040826
64;Campo de Golf del Centro Nacional de Golf;ARROYO DEL MONTE;SEDES. Centros con espacios deportivos;FUENCARRAL-EL PARDO;POINT (4506826.154319164 -416104.2065551275);Antonio Maura;Calle Antonio Maura nº 15;POINT (4499164.615640952 -410988.3961203113);9212.529040535715
243;Campo de Golf del Centro Nacional de Golf;ARROYO DEL MONTE;SEDES. Centros con espacios deportivos;FUENCARRAL-EL PARDO;POINT (4506826.154319164 -416104.2065551275);Camilo José Cela;Avenida de Camilo José Cela nº 23;POINT (4501515.304800238 -408575.6623587617);9213.25677105049
95;Campo de Golf del Centro Nacional de Golf;ARROYO DEL MONTE;SEDES. Centros con espacios deportivos;FUENCARRAL-EL PARDO;POINT (4506826.154319164 -416104.2065551275);Castelló;Calle Alcalá nº 111;POINT (4499763.581293114 -410180.7725031095);9217.755080109955
42;Campo de Golf del Centro Nacional de Golf;ARROYO DEL MONTE;SEDES. Centros con espacios deportivos;FUENCARRAL-EL PARDO;POINT (4506826.154319164 -416104.2065551275);Santa Isabel;Calle Atocha nº 95;POINT (4498499.492815413 -411971.4413447194);9295.861449183765
194;Campo de Golf del Centro Nacional de Golf;ARROYO DEL MONTE;SEDES. Centros con espacios deportivos;FUENCARRAL-EL PARDO;POINT (4506826.154319164 -416104.2065551275);Avenida de los Toreros;Avenida de los Toreros nº 3;POINT (4500854.189476366 -408980.2030483828);9296.009361426406
96;Campo de Golf del Centro Nacional de Golf;ARROYO DEL MONTE;SEDES. Centros con espacios deportivos;FUENCARRAL-EL PARDO;POINT (4506826.154319164 -416104.2065551275);Alcalá;Avenida de Menéndez Pelayo nº 3;POINT (4499789.50760252 -409995.5554384995);9318.262471058522
88;Campo de Golf del Centro Nacional de Golf;ARROYO DEL MONTE;SEDES. Centros con espacios deportivos;FUENCARRAL-EL PARDO;POINT (4506826.154319164 -416104.2065551275);Conde Peñalver;Calle Ayala nº 102;POINT (4500341.796992193 -409402.503963725);9325.218901851991
53;Campo de Golf del Centro Nacional de Golf;ARROYO DEL MONTE;SEDES. Centros con espacios deportivos;FUENCARRAL-EL PARDO;POINT (4506826.154319164 -416104.2065551275);Plaza de Lavapiés;Calle Valencia nº 1;POINT (4498232.05887073 -412248.0120726025);9419.591947842342
84;Campo de Golf del Centro Nacional de Golf;ARROYO DEL MONTE;SEDES. Centros con espacios deportivos;FUENCARRAL-EL PARDO;POINT (4506826.154319164 -416104.2065551275);Puerta de Madrid;Avenida de Menéndez Pelayo esquina calle O'Donnell;POINT (4499700.908419798 -409938.5647838628);9422.540399382682
165;Campo de Golf del Centro Nacional de Golf;ARROYO DEL MONTE;SEDES. Centros con espacios deportivos;FUENCARRAL-EL PARDO;POINT (4506826.154319164 -416104.2065551275);Ortega y Gasset 87;Calle Ortega y Gasset nº 87;POINT (4500634.433669591 -408965.2220963012);9450.000196069399
46;Campo de Golf del Centro Nacional de Golf;ARROYO DEL MONTE;SEDES. Centros con espacios deportivos;FUENCARRAL-EL PARDO;POINT (4506826.154319164 -416104.2065551275);Ribera de Curtidores;Calle Ribera de Curtidores nº 28;POINT (4497899.124537665 -412963.5990588094);9463.364949408762
66;Campo de Golf del Centro Nacional de Golf;ARROYO DEL MONTE;SEDES. Centros con espacios deportivos;FUENCARRAL-EL PARDO;POINT (4506826.154319164 -416104.2065551275);Espalter;Calle Espalter nº 1;POINT (4498736.458615463 -411187.2911779331);9466.743548072409
98;Campo de Golf del Centro Nacional de Golf;ARROYO DEL MONTE;SEDES. Centros con espacios deportivos;FUENCARRAL-EL PARDO;POINT (4506826.154319164 -416104.2065551275);Alcántara;Calle Alcántara nº 2;POINT (4500222.340046623 -409254.0324936567);9515.001188579528
97;Campo de Golf del Centro Nacional de Golf;ARROYO DEL MONTE;SEDES. Centros con espacios deportivos;FUENCARRAL-EL PARDO;POINT (4506826.154319164 -416104.2065551275);Plaza de Felipe II;Plaza de Felipe II;POINT (4499972.93985945 -409473.4379320957);9535.913221240102
127;Campo de Golf del Centro Nacional de Golf;ARROYO DEL MONTE;SEDES. Centros con espacios deportivos;FUENCARRAL-EL PARDO;POINT (4506826.154319164 -416104.2065551275);Metro Pirámides;Paseo de los Olmos nº 28;POINT (4497686.76034508 -413374.6612181494);9538.288104274738
65;Campo de Golf del Centro Nacional de Golf;ARROYO DEL MONTE;SEDES. Centros con espacios deportivos;FUENCARRAL-EL PARDO;POINT (4506826.154319164 -416104.2065551275);Almadén;Calle Almadén nº 28;POINT (4498514.932828785 -411412.9254432287);9543.821097076523
244;Campo de Golf del Centro Nacional de Golf;ARROYO DEL MONTE;SEDES. Centros con espacios deportivos;FUENCARRAL-EL PARDO;POINT (4506826.154319164 -416104.2065551275);Avenida Bruselas;Avenida Bruselas nº 56;POINT (4501609.926367412 -408042.4644864241);9602.120558863046
99;Campo de Golf del Centro Nacional de Golf;ARROYO DEL MONTE;SEDES. Centros con espacios deportivos;FUENCARRAL-EL PARDO;POINT (4506826.154319164 -416104.2065551275);Palacio de Deportes;Calle Goya nº 99;POINT (4500065.925030109 -409250.5298636031);9626.712015664541
48;Campo de Golf del Centro Nacional de Golf;ARROYO DEL MONTE;SEDES. Centros con espacios deportivos;FUENCARRAL-EL PARDO;POINT (4506826.154319164 -416104.2065551275);Embajadores 2;Glorieta de Embajadores nº 2;POINT (4497932.008315246 -412420.694870124);9626.738361074329
171;Campo de Golf del Centro Nacional de Golf;ARROYO DEL MONTE;SEDES. Centros con espacios deportivos;FUENCARRAL-EL PARDO;POINT (4506826.154319164 -416104.2065551275);Pirámides;Calle Toledo nº 181;POINT (4497486.774879869 -413708.730664305);9641.69658590451
128;Campo de Golf del Centro Nacional de Golf;ARROYO DEL MONTE;SEDES. Centros con espacios deportivos;FUENCARRAL-EL PARDO;POINT (4506826.154319164 -416104.2065551275);Paseo de la Esperanza;Paseo de la Esperanza nº 2;POINT (4497708.044631719 -412888.3789630996);9668.581662991672
47;Campo de Golf del Centro Nacional de Golf;ARROYO DEL MONTE;SEDES. Centros con espacios deportivos;FUENCARRAL-EL PARDO;POINT (4506826.154319164 -416104.2065551275);Embajadores 1;Glorieta de Embajadores nº 6;POINT (4497840.102943647 -412483.9896610419);9687.88365349545
108;Campo de Golf del Centro Nacional de Golf;ARROYO DEL MONTE;SEDES. Centros con espacios deportivos;FUENCARRAL-EL PARDO;POINT (4506826.154319164 -416104.2065551275);Mártires Concepcionistas;Calle Mártires Concepcionistas nº 2;POINT (4500346.505806655 -408889.3803637791);9697.399745139674
49;Campo de Golf del Centro Nacional de Golf;ARROYO DEL MONTE;SEDES. Centros con espacios deportivos;FUENCARRAL-EL PARDO;POINT (4506826.154319164 -416104.2065551275);Casa Encendida;Ronda de Atocha nº 34;POINT (4497985.820157095 -412087.9126322365);9709.898298751807
80;Campo de Golf del Centro Nacional de Golf;ARROYO DEL MONTE;SEDES. Centros con espacios deportivos;FUENCARRAL-EL PARDO;POINT (4506826.154319164 -416104.2065551275);Cuesta de Moyano;Cuesta de Claudio Moyano;POINT (4498342.365354158 -411274.8252089514);9762.048933987026
195;Campo de Golf del Centro Nacional de Golf;ARROYO DEL MONTE;SEDES. Centros con espacios deportivos;FUENCARRAL-EL PARDO;POINT (4506826.154319164 -416104.2065551275);Ventas;Avenida de los Toreros nº 49;POINT (4500922.216817189 -408326.4087308961);9764.76405356772
50;Campo de Golf del Centro Nacional de Golf;ARROYO DEL MONTE;SEDES. Centros con espacios deportivos;FUENCARRAL-EL PARDO;POINT (4506826.154319164 -416104.2065551275);Museo Reina Sofía;Calle Santa Isabel nº 57;POINT (4498238.994075007 -411426.4565993208);9778.581988605985
61;Campo de Golf del Centro Nacional de Golf;ARROYO DEL MONTE;SEDES. Centros con espacios deportivos;FUENCARRAL-EL PARDO;POINT (4506826.154319164 -416104.2065551275);Narváez;Calle O'Donnell nº 28;POINT (4499689.475908094 -409402.7382164072);9789.885425167431
51;Campo de Golf del Centro Nacional de Golf;ARROYO DEL MONTE;SEDES. Centros con espacios deportivos;FUENCARRAL-EL PARDO;POINT (4506826.154319164 -416104.2065551275);Ronda de Atocha;Ronda de Atocha nº 2;POINT (4498149.070190343 -411445.88881518);9848.437091485695
216;Campo de Golf del Centro Nacional de Golf;ARROYO DEL MONTE;SEDES. Centros con espacios deportivos;FUENCARRAL-EL PARDO;POINT (4506826.154319164 -416104.2065551275);Condesa de Venadito;Calle Condesa de Venadito nº 2;POINT (4502110.864075982 -407417.8011451731);9883.703810997882
67;Campo de Golf del Centro Nacional de Golf;ARROYO DEL MONTE;SEDES. Centros con espacios deportivos;FUENCARRAL-EL PARDO;POINT (4506826.154319164 -416104.2065551275);Puerta del Ángel Caído;Avenida de Alfonso XII nº 54;POINT (4498399.249613952 -410921.7669230159);9892.947157000886
242;Campo de Golf del Centro Nacional de Golf;ARROYO DEL MONTE;SEDES. Centros con espacios deportivos;FUENCARRAL-EL PARDO;POINT (4506826.154319164 -416104.2065551275);Avenida Brasilia;Avenida de Brasilia frente al nº 9;POINT (4501388.400580734 -407813.7926315135);9914.642139011636
185;Campo de Golf del Centro Nacional de Golf;ARROYO DEL MONTE;SEDES. Centros con espacios deportivos;FUENCARRAL-EL PARDO;POINT (4506826.154319164 -416104.2065551275);Doctor Esquerdo-Hermosilla;Calle Hermosilla nº 135;POINT (4500161.103194738 -408748.450314312);9926.230722964065
214;Campo de Golf del Centro Nacional de Golf;ARROYO DEL MONTE;SEDES. Centros con espacios deportivos;FUENCARRAL-EL PARDO;POINT (4506826.154319164 -416104.2065551275);Marqués de Vadillo;Glorieta Marqués de Vadillo nº 9;POINT (4497112.284980891 -414019.4641230708);9935.059563437924
183;Campo de Golf del Centro Nacional de Golf;ARROYO DEL MONTE;SEDES. Centros con espacios deportivos;FUENCARRAL-EL PARDO;POINT (4506826.154319164 -416104.2065551275);Retiro-Ibiza;Calle Ibiza nº 18;POINT (4499339.008755229 -409559.6430178796);9944.27778114756
62;Campo de Golf del Centro Nacional de Golf;ARROYO DEL MONTE;SEDES. Centros con espacios deportivos;FUENCARRAL-EL PARDO;POINT (4506826.154319164 -416104.2065551275);O'Donnell;Calle O'Donnell nº 50;POINT (4499680.180730613 -409100.6977278018);10005.702095440502
172;Campo de Golf del Centro Nacional de Golf;ARROYO DEL MONTE;SEDES. Centros con espacios deportivos;FUENCARRAL-EL PARDO;POINT (4506826.154319164 -416104.2065551275);Paseo de la Esperanza;Paseo de la Esperanza nº 21;POINT (4497418.747539046 -412655.1780668597);10019.735517442326
78;Campo de Golf del Centro Nacional de Golf;ARROYO DEL MONTE;SEDES. Centros con espacios deportivos;FUENCARRAL-EL PARDO;POINT (4506826.154319164 -416104.2065551275);Atocha A;Paseo de la Infanta Isabel nº 3;POINT (4498149.949614321 -411078.3283173373);10026.76319364534
170;Campo de Golf del Centro Nacional de Golf;ARROYO DEL MONTE;SEDES. Centros con espacios deportivos;FUENCARRAL-EL PARDO;POINT (4506826.154319164 -416104.2065551275);Batalla del Salado;Paseo Santa María de la Cabeza nº 29;POINT (4497805.271074978 -411713.1769888433);10032.81990056778
79;Campo de Golf del Centro Nacional de Golf;ARROYO DEL MONTE;SEDES. Centros con espacios deportivos;FUENCARRAL-EL PARDO;POINT (4506826.154319164 -416104.2065551275);Atocha B;Paseo de la Infanta Isabel nº 3;POINT (4498141.233298192 -411066.93898348);10040.015823140022
189;Campo de Golf del Centro Nacional de Golf;ARROYO DEL MONTE;SEDES. Centros con espacios deportivos;FUENCARRAL-EL PARDO;POINT (4506826.154319164 -416104.2065551275);Alcalá-Ventas;Calle Alejandro González nº 1;POINT (4500665.558599217 -408140.4923668496);10068.449895451282
68;Campo de Golf del Centro Nacional de Golf;ARROYO DEL MONTE;SEDES. Centros con espacios deportivos;FUENCARRAL-EL PARDO;POINT (4506826.154319164 -416104.2065551275);Puerta del Doce de Octubre;Avenida de Menéndez Pelayo nº 63;POINT (4499011.206250691 -409706.0066634584);10100.018572591434
100;Campo de Golf del Centro Nacional de Golf;ARROYO DEL MONTE;SEDES. Centros con espacios deportivos;FUENCARRAL-EL PARDO;POINT (4506826.154319164 -416104.2065551275);Jorge Juan;Calle Jorge Juan nº 131;POINT (4499884.763690793 -408727.6354291702);10129.003180567583
123;Campo de Golf del Centro Nacional de Golf;ARROYO DEL MONTE;SEDES. Centros con espacios deportivos;FUENCARRAL-EL PARDO;POINT (4506826.154319164 -416104.2065551275);Santa María de la Cabeza;Paseo de Santa María de la Cabeza nº 58;POINT (4497506.979367448 -412031.0881022502);10170.413743396375
122;Campo de Golf del Centro Nacional de Golf;ARROYO DEL MONTE;SEDES. Centros con espacios deportivos;FUENCARRAL-EL PARDO;POINT (4506826.154319164 -416104.2065551275);Palos de la Frontera;Calle Palos de la Frontera nº 27;POINT (4497665.965864199 -411552.5652782198);10228.709148476451
233;Campo de Golf del Centro Nacional de Golf;ARROYO DEL MONTE;SEDES. Centros con espacios deportivos;FUENCARRAL-EL PARDO;POINT (4506826.154319164 -416104.2065551275);Derechos Humanos;Calle Derechos Humanos nº 12;POINT (4501721.99507542 -407234.376241853);10233.588391751351
186;Campo de Golf del Centro Nacional de Golf;ARROYO DEL MONTE;SEDES. Centros con espacios deportivos;FUENCARRAL-EL PARDO;POINT (4506826.154319164 -416104.2065551275);Marqués de Zafra;Paseo Marqués de Zafra nº 24;POINT (4500201.734808877 -408298.5218119435);10237.756011853815
176;Campo de Golf del Centro Nacional de Golf;ARROYO DEL MONTE;SEDES. Centros con espacios deportivos;FUENCARRAL-EL PARDO;POINT (4506826.154319164 -416104.2065551275);Madrid Río-Yeserías;Paseo de Yeserías nº 45;POINT (4497022.939957581 -412896.8681331253);10314.554356462251
69;Campo de Golf del Centro Nacional de Golf;ARROYO DEL MONTE;SEDES. Centros con espacios deportivos;FUENCARRAL-EL PARDO;POINT (4506826.154319164 -416104.2065551275);Doce de Octubre;Calle Doce de Octubre nº 28;POINT (4499083.742030892 -409255.7168794902);10336.670589648607
175;Campo de Golf del Centro Nacional de Golf;ARROYO DEL MONTE;SEDES. Centros con espacios deportivos;FUENCARRAL-EL PARDO;POINT (4506826.154319164 -416104.2065551275);Puente Praga;Paseo de la Esperanza nº 59;POINT (4497104.804311111 -412435.4978604175);10390.575992972017
173;Campo de Golf del Centro Nacional de Golf;ARROYO DEL MONTE;SEDES. Centros con espacios deportivos;FUENCARRAL-EL PARDO;POINT (4506826.154319164 -416104.2065551275);Embajadores-Cáceres;Calle Embajadores nº 101;POINT (4497279.598175554 -411988.9549765445);10395.76980113265
63;Campo de Golf del Centro Nacional de Golf;ARROYO DEL MONTE;SEDES. Centros con espacios deportivos;FUENCARRAL-EL PARDO;POINT (4506826.154319164 -416104.2065551275);Ibiza;Calle Ibiza nº 62;POINT (4499302.685205384 -408922.1198014586);10401.199817484034
190;Campo de Golf del Centro Nacional de Golf;ARROYO DEL MONTE;SEDES. Centros con espacios deportivos;FUENCARRAL-EL PARDO;POINT (4506826.154319164 -416104.2065551275);Puente de Ventas;Avenida de Daroca nº 2;POINT (4500779.972771854 -407601.3513700205);10433.353133194287
72;Campo de Golf del Centro Nacional de Golf;ARROYO DEL MONTE;SEDES. Centros con espacios deportivos;FUENCARRAL-EL PARDO;POINT (4506826.154319164 -416104.2065551275);Puerta del Pacífico ;Avenida de Menéndez Pelayo nº 73;POINT (4498616.845822606 -409567.4737630713);10493.884961557505
174;Campo de Golf del Centro Nacional de Golf;ARROYO DEL MONTE;SEDES. Centros con espacios deportivos;FUENCARRAL-EL PARDO;POINT (4506826.154319164 -416104.2065551275);Delicias;Calle Bustamante nº 1;POINT (4497406.368811669 -411452.8942303291);10505.573061477573
82;Campo de Golf del Centro Nacional de Golf;ARROYO DEL MONTE;SEDES. Centros con espacios deportivos;FUENCARRAL-EL PARDO;POINT (4506826.154319164 -416104.2065551275);Pío Baroja;Calle Pío Baroja nº 10;POINT (4498787.921616057 -409327.7550764658);10513.490363906778
191;Campo de Golf del Centro Nacional de Golf;ARROYO DEL MONTE;SEDES. Centros con espacios deportivos;FUENCARRAL-EL PARDO;POINT (4506826.154319164 -416104.2065551275);Avenida Donostiarra;Calle Virgen de la Alegría nº 18;POINT (4501217.591954061 -407203.832539026);10520.105960956322
229;Campo de Golf del Centro Nacional de Golf;ARROYO DEL MONTE;SEDES. Centros con espacios deportivos;FUENCARRAL-EL PARDO;POINT (4506826.154319164 -416104.2065551275);San Delfín;Calle San Delfín nº 9;POINT (4496684.715677296 -413065.9012525069);10586.787843284503
187;Campo de Golf del Centro Nacional de Golf;ARROYO DEL MONTE;SEDES. Centros con espacios deportivos;FUENCARRAL-EL PARDO;POINT (4506826.154319164 -416104.2065551275);Quinta Fuente del Berro;Calle Sancho Dávila esquina Paseo Marqués de Zafra;POINT (4500099.688231667 -407877.1179508124);10626.86844416117
73;Campo de Golf del Centro Nacional de Golf;ARROYO DEL MONTE;SEDES. Centros con espacios deportivos;FUENCARRAL-EL PARDO;POINT (4506826.154319164 -416104.2065551275);Menéndez Pelayo;Avenida de Menéndez Pelayo con calle Poeta Esteban Villegas;POINT (4498229.209091766 -409768.541185142);10679.33157661674
232;Campo de Golf del Centro Nacional de Golf;ARROYO DEL MONTE;SEDES. Centros con espacios deportivos;FUENCARRAL-EL PARDO;POINT (4506826.154319164 -416104.2065551275);Carlota O’Neill;Calle Carlota O'Neill nº 32;POINT (4502172.693570442 -406475.0626355441);10694.629940486202
70;Campo de Golf del Centro Nacional de Golf;ARROYO DEL MONTE;SEDES. Centros con espacios deportivos;FUENCARRAL-EL PARDO;POINT (4506826.154319164 -416104.2065551275);Sainz de Baranda;Calle Doctor Esquerdo nº 99;POINT (4499059.741548677 -408731.1380408341);10708.842450893244
184;Campo de Golf del Centro Nacional de Golf;ARROYO DEL MONTE;SEDES. Centros con espacios deportivos;FUENCARRAL-EL PARDO;POINT (4506826.154319164 -416104.2065551275);Parque Roma;Calle Alcalde Sáinz de Baranda frente al nº 107;POINT (4499385.384455094 -408351.1946310046);10745.894567956968
177;Campo de Golf del Centro Nacional de Golf;ARROYO DEL MONTE;SEDES. Centros con espacios deportivos;FUENCARRAL-EL PARDO;POINT (4506826.154319164 -416104.2065551275);Jaime el Conquistador;Calle Jaime el Conquistador nº 30;POINT (4496886.885275933 -411979.6627116289);10761.084101087568
120;Campo de Golf del Centro Nacional de Golf;ARROYO DEL MONTE;SEDES. Centros con espacios deportivos;FUENCARRAL-EL PARDO;POINT (4506826.154319164 -416104.2065551275);Juan Martín;Calle Juan Martín el Empecinado nº 16;POINT (4497394.368570562 -410856.9225789598);10793.172449936847
130;Campo de Golf del Centro Nacional de Golf;ARROYO DEL MONTE;SEDES. Centros con espacios deportivos;FUENCARRAL-EL PARDO;POINT (4506826.154319164 -416104.2065551275);Paseo de las Delicias;Paseo de las Delicias nº 92;POINT (4497002.590754665 -411555.4321470031);10825.606205740913
77;Campo de Golf del Centro Nacional de Golf;ARROYO DEL MONTE;SEDES. Centros con espacios deportivos;FUENCARRAL-EL PARDO;POINT (4506826.154319164 -416104.2065551275);Puerta de Granada;Avenida de Menéndez Pelayo nº 38;POINT (4497880.177960332 -409980.8866722427);10840.919675051104
121;Campo de Golf del Centro Nacional de Golf;ARROYO DEL MONTE;SEDES. Centros con espacios deportivos;FUENCARRAL-EL PARDO;POINT (4506826.154319164 -416104.2065551275);Méndez Álvaro;Calle Méndez Álvaro nº 11;POINT (4497454.547887285 -410642.8684987454);10846.806925548413
74;Campo de Golf del Centro Nacional de Golf;ARROYO DEL MONTE;SEDES. Centros con espacios deportivos;FUENCARRAL-EL PARDO;POINT (4506826.154319164 -416104.2065551275);Puerta de Mariano de Cavia;Avenida del Mediterráneo nº 19;POINT (4498101.180545405 -409395.0078781822);11006.294300967997
224;Campo de Golf del Centro Nacional de Golf;ARROYO DEL MONTE;SEDES. Centros con espacios deportivos;FUENCARRAL-EL PARDO;POINT (4506826.154319164 -416104.2065551275);Antonio López;Calle Eugenio Caxes frente al nº 12;POINT (4496393.172202316 -412467.5245335224);11048.645707811462
71;Campo de Golf del Centro Nacional de Golf;ARROYO DEL MONTE;SEDES. Centros con espacios deportivos;FUENCARRAL-EL PARDO;POINT (4506826.154319164 -416104.2065551275);Plaza de los Astros;Avenida de Nazaret nº 7;POINT (4498581.757919108 -408700.4734607235);11080.854467703592
231;Campo de Golf del Centro Nacional de Golf;ARROYO DEL MONTE;SEDES. Centros con espacios deportivos;FUENCARRAL-EL PARDO;POINT (4506826.154319164 -416104.2065551275);C.D. Concepción;Calle Jose del Hierro nº 5;POINT (4501443.047273415 -406408.1503400223);11090.146418892456
129;Campo de Golf del Centro Nacional de Golf;ARROYO DEL MONTE;SEDES. Centros con espacios deportivos;FUENCARRAL-EL PARDO;POINT (4506826.154319164 -416104.2065551275);Entrada Matadero;Paseo de la Chopera nº 14;POINT (4496515.067044735 -411897.7056421987);11136.120092355768
180;Campo de Golf del Centro Nacional de Golf;ARROYO DEL MONTE;SEDES. Centros con espacios deportivos;FUENCARRAL-EL PARDO;POINT (4506826.154319164 -416104.2065551275);Junta Municipal Retiro;Calle León Gil de Palacio nº 3;POINT (4497632.503225266 -409807.6392248363);11143.15846523004
178;Campo de Golf del Centro Nacional de Golf;ARROYO DEL MONTE;SEDES. Centros con espacios deportivos;FUENCARRAL-EL PARDO;POINT (4506826.154319164 -416104.2065551275);Beata;Calle Alicante nº 3;POINT (4496667.340976191 -411468.3886933023);11166.570457638081
81;Campo de Golf del Centro Nacional de Golf;ARROYO DEL MONTE;SEDES. Centros con espacios deportivos;FUENCARRAL-EL PARDO;POINT (4506826.154319164 -416104.2065551275);Niño Jesús;Calle Doctor Esquerdo nº 161;POINT (4498248.701134604 -408794.5866454305);11269.571702489671
235;Campo de Golf del Centro Nacional de Golf;ARROYO DEL MONTE;SEDES. Centros con espacios deportivos;FUENCARRAL-EL PARDO;POINT (4506826.154319164 -416104.2065551275);Marqués de Corbera 12;Avenida Marqués de Corbera nº 12;POINT (4499863.558323819 -407210.9141479095);11294.617870237
234;Campo de Golf del Centro Nacional de Golf;ARROYO DEL MONTE;SEDES. Centros con espacios deportivos;FUENCARRAL-EL PARDO;POINT (4506826.154319164 -416104.2065551275);José María Pereda;Calle José María de Pereda nº 1;POINT (4500949.897795491 -406427.3401920618);11321.313233925039
75;Campo de Golf del Centro Nacional de Golf;ARROYO DEL MONTE;SEDES. Centros con espacios deportivos;FUENCARRAL-EL PARDO;POINT (4506826.154319164 -416104.2065551275);Conde de Casal;Plaza del Conde de Casal nº 8;POINT (4498014.30681479 -408869.2570486475);11401.453889818917
179;Campo de Golf del Centro Nacional de Golf;ARROYO DEL MONTE;SEDES. Centros con espacios deportivos;FUENCARRAL-EL PARDO;POINT (4506826.154319164 -416104.2065551275);Legazpi;Calle Bolívar nº 3;POINT (4496358.117694666 -411521.0631924721);11427.379133226363
215;Campo de Golf del Centro Nacional de Golf;ARROYO DEL MONTE;SEDES. Centros con espacios deportivos;FUENCARRAL-EL PARDO;POINT (4506826.154319164 -416104.2065551275);Glorieta de Cádiz;Calle Antonio López nº 129;POINT (4496077.347674986 -412187.6512511889);11440.115808973873
236;Campo de Golf del Centro Nacional de Golf;ARROYO DEL MONTE;SEDES. Centros con espacios deportivos;FUENCARRAL-EL PARDO;POINT (4506826.154319164 -416104.2065551275);Marqués de Corbera 52;Avenida Marqués de Corbera nº 52;POINT (4500224.793884521 -406706.6915793895);11484.391464387178
83;Campo de Golf del Centro Nacional de Golf;ARROYO DEL MONTE;SEDES. Centros con espacios deportivos;FUENCARRAL-EL PARDO;POINT (4506826.154319164 -416104.2065551275);Valderribas;Calle Doctor Esquerdo nº 191;POINT (4497669.227525279 -409112.4214819339);11521.040179528478
76;Campo de Golf del Centro Nacional de Golf;ARROYO DEL MONTE;SEDES. Centros con espacios deportivos;FUENCARRAL-EL PARDO;POINT (4506826.154319164 -416104.2065551275);Pedro Bosch;Calle Cerro de la Plata nº 2;POINT (4497395.259126488 -409312.9971696778);11621.631083985745
237;Campo de Golf del Centro Nacional de Golf;ARROYO DEL MONTE;SEDES. Centros con espacios deportivos;FUENCARRAL-EL PARDO;POINT (4506826.154319164 -416104.2065551275);Embajadores 191;Calle Sodio nº 1B;POINT (4496111.70572105 -411093.2163689994);11828.33172544275
220;Campo de Golf del Centro Nacional de Golf;ARROYO DEL MONTE;SEDES. Centros con espacios deportivos;FUENCARRAL-EL PARDO;POINT (4506826.154319164 -416104.2065551275);Camino Vinateros;Calle Camino de los Vinateros nº 28;POINT (4498479.622286306 -407460.1888912669);12015.974298768579
182;Campo de Golf del Centro Nacional de Golf;ARROYO DEL MONTE;SEDES. Centros con espacios deportivos;FUENCARRAL-EL PARDO;POINT (4506826.154319164 -416104.2065551275);Méndez Álvaro;Calle Retama nº 5;POINT (4496654.962248815 -409479.0711555289);12138.59823846835
217;Campo de Golf del Centro Nacional de Golf;ARROYO DEL MONTE;SEDES. Centros con espacios deportivos;FUENCARRAL-EL PARDO;POINT (4506826.154319164 -416104.2065551275);Gutierre de Cetina;Calle Gutierre de Cetina nº 77;POINT (4500614.284841758 -405586.6676448087);12214.9886260446
181;Campo de Golf del Centro Nacional de Golf;ARROYO DEL MONTE;SEDES. Centros con espacios deportivos;FUENCARRAL-EL PARDO;POINT (4506826.154319164 -416104.2065551275);Puente de Vallecas;Avenida de la Albufera nº 6;POINT (4497081.694384822 -408738.5225282509);12215.06449413158
227;Campo de Golf del Centro Nacional de Golf;ARROYO DEL MONTE;SEDES. Centros con espacios deportivos;FUENCARRAL-EL PARDO;POINT (4506826.154319164 -416104.2065551275);Doctor Lozano;Calle Sierra Toledana nº 33;POINT (4497583.871680976 -407727.6876039797);12473.40603456401
228;Campo de Golf del Centro Nacional de Golf;ARROYO DEL MONTE;SEDES. Centros con espacios deportivos;FUENCARRAL-EL PARDO;POINT (4506826.154319164 -416104.2065551275);Sierra Toledana;Camino de Valderribas nº 94;POINT (4497197.81342333 -407793.364764792);12719.081714903106
230;Campo de Golf del Centro Nacional de Golf;ARROYO DEL MONTE;SEDES. Centros con espacios deportivos;FUENCARRAL-EL PARDO;POINT (4506826.154319164 -416104.2065551275);Concordia;Calle Arroyo del Olivar nº 6;POINT (4496620.562211088 -408368.8797354235);12805.834267397917
222;Campo de Golf del Centro Nacional de Golf;ARROYO DEL MONTE;SEDES. Centros con espacios deportivos;FUENCARRAL-EL PARDO;POINT (4506826.154319164 -416104.2065551275);Plaza del Encuentro;Calle Arroyo de las Pilillas nº 6;POINT (4497994.269306446 -406727.3295997782);12881.304837384714
221;Campo de Golf del Centro Nacional de Golf;ARROYO DEL MONTE;SEDES. Centros con espacios deportivos;FUENCARRAL-EL PARDO;POINT (4506826.154319164 -416104.2065551275);Marroquina;Calle Camino de los Vinateros nº 108;POINT (4498227.372320169 -406222.8087328799);13098.895937741108
223;Campo de Golf del Centro Nacional de Golf;ARROYO DEL MONTE;SEDES. Centros con espacios deportivos;FUENCARRAL-EL PARDO;POINT (4506826.154319164 -416104.2065551275);Pavones;Calle Hacienda de Pavones nº 342;POINT (4497348.393620864 -404872.003688147);14696.60944229175
